<?xml version="1.0" encoding="UTF-8"?>
<project-private xmlns="http://www.netbeans.org/ns/project-private/1">
    <editor-bookmarks xmlns="http://www.netbeans.org/ns/editor-bookmarks/2" lastBookmarkId="0"/>
    <open-files xmlns="http://www.netbeans.org/ns/projectui-open-files/2">
        <group>
            <file>file:/C:/Users/cv/Desktop/actual/portable2014/Apache2.4/htdocs/izv/clases/c201415/estilo/estilo.css</file>
            <file>file:/C:/Users/cv/Desktop/actual/portable2014/Apache2.4/htdocs/izv/clases/c201415/backusuario/viewedit.php</file>
            <file>file:/C:/Users/cv/Desktop/actual/portable2014/Apache2.4/htdocs/izv/clases/c201415/backusuario/viewinsert.php</file>
            <file>file:/C:/Users/cv/Desktop/actual/portable2014/Apache2.4/htdocs/izv/clases/c201415/index.php</file>
            <file>file:/C:/Users/cv/Desktop/actual/portable2014/Apache2.4/htdocs/izv/clases/c201415/backusuario/index.php</file>
            <file>file:/C:/Users/cv/Desktop/actual/portable2014/Apache2.4/htdocs/izv/clases/c201415/include/barranavegacion.php</file>
        </group>
    </open-files>
</project-private>
